change_type,price,priceintervals,depth.x,cumulativedepth.x,depth.y,cumulativedepth.y
asks,25992.32,25990,0.25887937,0,NULL,NULL
asks,25992.33,25990,0.25969197,0,NULL,NULL
asks,25992.99,25990,0.00465,0,NULL,NULL
asks,25993.25,25990,0.000962,0,NULL,NULL
asks,25993.26,25990,0.17657782,0,NULL,NULL
asks,25993.27,25990,0.28853625,0,NULL,NULL
asks,25993.54,25990,0.00576,0,NULL,NULL
asks,25993.56,25990,0.000192,0,NULL,NULL
asks,25993.57,25990,0.00576,0,NULL,NULL
asks,25993.59,25990,0.00576,0,NULL,NULL
asks,25993.66,25990,0.00576,0,NULL,NULL
asks,25993.68,25990,0.00576,0,NULL,NULL
asks,25993.8,25990,0.00576,0,NULL,NULL
asks,25993.83,25990,0.00576,0,NULL,NULL
asks,25994.05,25990,0.00576,0,NULL,NULL
asks,25994.17,25990,0.01269606,0,NULL,NULL
asks,25994.18,25990,0.008656,0,NULL,NULL
asks,25994.2,25990,0.09728247,0,NULL,NULL
asks,25994.33,25990,0.06,0,NULL,NULL
asks,25994.47,25990,0.28852294,0,NULL,NULL
asks,25994.56,25990,0.28852194,0,NULL,NULL
asks,25994.94,25990,0.08742215,0,NULL,NULL
asks,25994.95,25990,0.14570345,0,NULL,NULL
asks,25994.98,25990,0.058,0,NULL,NULL
asks,25996.1,25990,0.058,0,NULL,NULL
asks,25996.59,25990,0.03847936,0,NULL,NULL
asks,25996.64,25990,0.06,0,NULL,NULL
asks,25996.72,25990,0.00581,0,NULL,NULL
asks,25997.27,25990,0.04442307,0,NULL,NULL
asks,25997.32,25990,0.04475336,0,NULL,NULL
asks,25997.35,25990,0.07524002,0,NULL,NULL
asks,25997.36,25990,0.1254,0,NULL,NULL
asks,25997.4,25990,0.058,0,NULL,NULL
asks,25997.59,25990,0.04028367,0,NULL,NULL
asks,25997.64,25990,0.04005616,0,NULL,NULL
asks,25997.68,25990,0.90146159,0,NULL,NULL
asks,25997.69,25990,1.50243587,0,NULL,NULL
asks,25997.75,25990,0.03154561,0,NULL,NULL
asks,25997.79,25990,0.02930347,0,NULL,NULL
asks,25997.83,25990,0.2,0,NULL,NULL
asks,25997.86,25990,0.08,0,NULL,NULL
asks,25997.96,25990,0.5956971,0,NULL,NULL
asks,25997.98,25990,0.06,0,NULL,NULL
asks,25998.31,25990,0.31986534,0,NULL,NULL
asks,25998.41,25990,0.04592381,0,NULL,NULL
asks,25998.42,25990,0.06,0,NULL,NULL
asks,25998.64,25990,0.08,0,NULL,NULL
asks,25998.7,25990,0.058,0,NULL,NULL
asks,25998.93,25990,0.06025858,0,NULL,NULL
asks,25999.11,25990,0.61327773,0,NULL,NULL
asks,25999.12,25990,0.30296391,0,NULL,NULL
asks,25999.13,25990,0.03495946,0,NULL,NULL
asks,25999.56,25990,0.03847112,0,NULL,NULL
asks,25999.61,25990,0.17969741,0,NULL,NULL
asks,25999.62,25990,1.06,0,NULL,NULL
asks,26000.25,26000,0.01156751,8.92668106,NULL,NULL
asks,26000.47,26000,1.28487521,8.92668106,NULL,NULL
asks,26000.49,26000,0.06991892,8.92668106,NULL,NULL
asks,26000.77,26000,0.06,8.92668106,NULL,NULL
asks,26000.8,26000,2.16392,8.92668106,NULL,NULL
asks,26001.66,26000,0.05883629,8.92668106,NULL,NULL
asks,26001.85,26000,0.06,8.92668106,NULL,NULL
asks,26002.52,26000,2.63181605,8.92668106,NULL,NULL
asks,26002.53,26000,0.06,8.92668106,NULL,NULL
asks,26002.6,26000,4.38636,8.92668106,NULL,NULL
asks,26003.03,26000,0.5956971,8.92668106,NULL,NULL
asks,26003.47,26000,0.13983785,8.92668106,NULL,NULL
asks,26003.58,26000,0.001,8.92668106,NULL,NULL
asks,26003.7,26000,0.09608017,8.92668106,NULL,NULL
asks,26003.82,26000,0.06,8.92668106,NULL,NULL
asks,26004.4,26000,0.03846719,8.92668106,NULL,NULL
asks,26004.47,26000,0.06,8.92668106,NULL,NULL
asks,26005.12,26000,0.36000009,8.92668106,NULL,NULL
asks,26005.13,26000,0.6,8.92668106,NULL,NULL
asks,26005.15,26000,0.06,8.92668106,NULL,NULL
asks,26005.21,26000,1.71925627,8.92668106,NULL,NULL
asks,26005.22,26000,0.08,8.92668106,NULL,NULL
asks,26005.39,26000,0.00769071,8.92668106,NULL,NULL
asks,26005.44,26000,0.24020468,8.92668106,NULL,NULL
asks,26005.45,26000,2.88401103,8.92668106,NULL,NULL
asks,26006.18,26000,0.14892427,8.92668106,NULL,NULL
asks,26006.33,26000,0.12,8.92668106,NULL,NULL
asks,26006.54,26000,0.08,8.92668106,NULL,NULL
asks,26007.14,26000,2.04,8.92668106,NULL,NULL
asks,26007.4,26000,0.2,8.92668106,NULL,NULL
asks,26007.74,26000,0.26851774,8.92668106,NULL,NULL
asks,26007.84,26000,2.59537099,8.92668106,NULL,NULL
asks,26007.85,26000,4.32561825,8.92668106,NULL,NULL
asks,26007.91,26000,0.14867184,8.92668106,NULL,NULL
asks,26007.98,26000,0.08030696,8.92668106,NULL,NULL
asks,26008.1,26000,0.5956971,8.92668106,NULL,NULL
asks,26008.69,26000,0.06,8.92668106,NULL,NULL
asks,26009.36,26000,0.06,8.92668106,NULL,NULL
asks,26009.42,26000,0.09608017,8.92668106,NULL,NULL
asks,26009.88,26000,0.23856146,8.92668106,NULL,NULL
asks,26009.89,26000,0.39760239,8.92668106,NULL,NULL
asks,26010,26010,0.05,38.1615713,NULL,NULL
asks,26010.16,26010,0.12,38.1615713,NULL,NULL
asks,26010.86,26010,0.06,38.1615713,NULL,NULL
asks,26011.49,26010,0.00961736,38.1615713,NULL,NULL
asks,26011.5,26010,0.07200001,38.1615713,NULL,NULL
asks,26011.51,26010,0.12,38.1615713,NULL,NULL
asks,26011.6,26010,0.08026786,38.1615713,NULL,NULL
asks,26011.87,26010,0.04012839,38.1615713,NULL,NULL
asks,26012.16,26010,0.04632796,38.1615713,NULL,NULL
asks,26012.18,26010,0.12,38.1615713,NULL,NULL
asks,26012.21,26010,0.03845567,38.1615713,NULL,NULL
asks,26013.17,26010,0.5956971,38.1615713,NULL,NULL
asks,26013.37,26010,0.45932422,38.1615713,NULL,NULL
asks,26013.41,26010,0.09780396,38.1615713,NULL,NULL
asks,26013.47,26010,5.386E-05,38.1615713,NULL,NULL
asks,26013.48,26010,0.06,38.1615713,NULL,NULL
asks,26014.58,26010,0.06,38.1615713,NULL,NULL
asks,26015,26010,5,38.1615713,NULL,NULL
asks,26015.1,26010,0.08047132,38.1615713,NULL,NULL
asks,26015.15,26010,0.09608017,38.1615713,NULL,NULL
asks,26015.19,26010,1.537,38.1615713,NULL,NULL
asks,26015.27,26010,0.08025871,38.1615713,NULL,NULL
asks,26015.34,26010,0.12,38.1615713,NULL,NULL
asks,26015.84,26010,0.2796757,38.1615713,NULL,NULL
asks,26015.96,26010,14.41423388,38.1615713,NULL,NULL
asks,26016.2,26010,0.12,38.1615713,NULL,NULL
asks,26017.08,26010,0.07200004,38.1615713,NULL,NULL
asks,26017.09,26010,0.12,38.1615713,NULL,NULL
asks,26017.92,26010,0.03,38.1615713,NULL,NULL
asks,26018.02,26010,0.03,38.1615713,NULL,NULL
asks,26018.08,26010,0.00073,38.1615713,NULL,NULL
asks,26018.17,26010,0.0200887,38.1615713,NULL,NULL
asks,26018.54,26010,0.6,38.1615713,NULL,NULL
asks,26018.57,26010,0.03,38.1615713,NULL,NULL
asks,26018.89,26010,0.03,38.1615713,NULL,NULL
asks,26019.22,26010,0.25366041,38.1615713,NULL,NULL
asks,26019.34,26010,5.536,38.1615713,NULL,NULL
asks,26019.74,26010,0.06,38.1615713,NULL,NULL
asks,26019.75,26010,0.06,38.1615713,NULL,NULL
asks,26020.02,26020,0.03844543,68.71144662,NULL,NULL
asks,26020.25,26020,0.6,68.71144662,NULL,NULL
asks,26020.45,26020,0.06396769,68.71144662,NULL,NULL
asks,26020.87,26020,0.09608017,68.71144662,NULL,NULL
asks,26021.04,26020,0.06,68.71144662,NULL,NULL
asks,26021.22,26020,0.06,68.71144662,NULL,NULL
asks,26021.27,26020,7.20564583,68.71144662,NULL,NULL
asks,26021.48,26020,0.0011529,68.71144662,NULL,NULL
asks,26021.96,26020,0.00057,68.71144662,NULL,NULL
asks,26022.29,26020,0.06,68.71144662,NULL,NULL
asks,26022.41,26020,0.03074565,68.71144662,NULL,NULL
asks,26022.55,26020,0.06,68.71144662,NULL,NULL
asks,26023.58,26020,0.06,68.71144662,NULL,NULL
asks,26023.62,26020,0.06,68.71144662,NULL,NULL
asks,26023.89,26020,0.05,68.71144662,NULL,NULL
asks,26024.43,26020,0.06,68.71144662,NULL,NULL
asks,26024.82,26020,0.06,68.71144662,NULL,NULL
asks,26025.19,26020,0.06,68.71144662,NULL,NULL
asks,26025.22,26020,0.34959462,68.71144662,NULL,NULL
asks,26025.52,26020,0.06,68.71144662,NULL,NULL
asks,26025.9,26020,6.51332,68.71144662,NULL,NULL
asks,26026.17,26020,0.06,68.71144662,NULL,NULL
asks,26026.52,26020,0.001,68.71144662,NULL,NULL
asks,26026.58,26020,0.06,68.71144662,NULL,NULL
asks,26026.59,26020,0.09608017,68.71144662,NULL,NULL
asks,26026.91,26020,0.06,68.71144662,NULL,NULL
asks,26027.29,26020,0.06,68.71144662,NULL,NULL
asks,26027.44,26020,0.52839214,68.71144662,NULL,NULL
asks,26027.68,26020,0.06,68.71144662,NULL,NULL
asks,26027.83,26020,0.03843788,68.71144662,NULL,NULL
asks,26028.02,26020,0.22443767,68.71144662,NULL,NULL
asks,26028.45,26020,0.0544487,68.71144662,NULL,NULL
asks,26029.47,26020,0.09940274,68.71144662,NULL,NULL
asks,26030.18,26030,0.05,85.60316821,NULL,NULL
asks,26030.39,26030,0.02,85.60316821,NULL,NULL
asks,26030.87,26030,0.05,85.60316821,NULL,NULL
asks,26031.94,26030,0.05674018,85.60316821,NULL,NULL
asks,26032.32,26030,0.09614598,85.60316821,NULL,NULL
asks,26032.35,26030,3.846,85.60316821,NULL,NULL
asks,26033,26030,0.07,85.60316821,NULL,NULL
asks,26033.9,26030,0.27004041,85.60316821,NULL,NULL
asks,26034.32,26030,0.07,85.60316821,NULL,NULL
asks,26034.7,26030,8.657,85.60316821,NULL,NULL
asks,26034.75,26030,21.60574193,85.60316821,NULL,NULL
asks,26035.5,26030,0.07,85.60316821,NULL,NULL
asks,26035.64,26030,0.03843284,85.60316821,NULL,NULL
asks,26036.61,26030,0.06438532,85.60316821,NULL,NULL
asks,26037.68,26030,0.00754161,85.60316821,NULL,NULL
asks,26037.69,26030,0.00630911,85.60316821,NULL,NULL
asks,26037.7,26030,8.678E-05,85.60316821,NULL,NULL
asks,26037.71,26030,0.00284357,85.60316821,NULL,NULL
asks,26037.72,26030,0.00282233,85.60316821,NULL,NULL
asks,26037.73,26030,0.00036014,85.60316821,NULL,NULL
asks,26037.74,26030,0.00738496,85.60316821,NULL,NULL
asks,26040.03,26040,0.00384253,120.59500337,NULL,NULL
asks,26040.14,26040,0.07098965,120.59500337,NULL,NULL
asks,26041.56,26040,0.00038401,120.59500337,NULL,NULL
asks,26043.45,26040,0.03843285,120.59500337,NULL,NULL
asks,26044,26040,0.01722062,120.59500337,NULL,NULL
asks,26044.16,26040,0.001,120.59500337,NULL,NULL
asks,26044.7,26040,0.2417786,120.59500337,NULL,NULL
asks,26044.9,26040,8.657,120.59500337,NULL,NULL
asks,26044.95,26040,0.69918924,120.59500337,NULL,NULL
asks,26047.84,26040,0.07212207,120.59500337,NULL,NULL
asks,26049.35,26040,0.00045904,120.59500337,NULL,NULL
asks,26049.57,26040,0.04417177,120.59500337,NULL,NULL
asks,26049.99,26040,21.59310162,120.59500337,NULL,NULL
asks,26051.26,26050,0.03843286,152.03469537,NULL,NULL
asks,26051.42,26050,0.00077931,152.03469537,NULL,NULL
asks,26051.78,26050,0.23707336,152.03469537,NULL,NULL
asks,26053.93,26050,0.04524663,152.03469537,NULL,NULL
asks,26055.7,26050,0.00117694,152.03469537,NULL,NULL
asks,26056.13,26050,0.07598082,152.03469537,NULL,NULL
asks,26056.17,26050,0.051092,152.03469537,NULL,NULL
asks,26058.6,26050,21.67176,152.03469537,NULL,NULL
asks,26059.07,26050,0.03843287,152.03469537,NULL,NULL
asks,26059.33,26050,0.25086787,152.03469537,NULL,NULL
asks,26059.39,26050,0.00196362,152.03469537,NULL,NULL
asks,26060.77,26060,0.0521024,174.44750165,NULL,NULL
asks,26061.88,26060,8.013,174.44750165,NULL,NULL
asks,26066.88,26060,0.03843288,174.44750165,NULL,NULL
asks,26067.34,26060,0.25241945,174.44750165,NULL,NULL
asks,26069.84,26060,0.29900549,174.44750165,NULL,NULL
asks,26069.94,26060,1,174.44750165,NULL,NULL
asks,26070.03,26070,0.00069554,184.10246187,NULL,NULL
asks,26070.21,26070,0.00270385,184.10246187,NULL,NULL
asks,26072.78,26070,0.05,184.10246187,NULL,NULL
asks,26073.51,26070,0.0011506,184.10246187,NULL,NULL
asks,26074,26070,0.05911468,184.10246187,NULL,NULL
asks,26074.04,26070,0.87398655,184.10246187,NULL,NULL
asks,26074.36,26070,0.00024857,184.10246187,NULL,NULL
asks,26074.69,26070,0.03843941,184.10246187,NULL,NULL
asks,26075,26070,0.01776016,184.10246187,NULL,NULL
asks,26076.59,26070,0.00211238,184.10246187,NULL,NULL
asks,26077.72,26070,0.10368119,184.10246187,NULL,NULL
asks,26078.13,26070,0.05359107,184.10246187,NULL,NULL
asks,26081.1,26080,0.001,185.30594587,NULL,NULL
asks,26083.45,26080,0.04954141,185.30594587,NULL,NULL
asks,26084.21,26080,0.00246855,185.30594587,NULL,NULL
asks,26084.43,26080,8.808E-05,185.30594587,NULL,NULL
asks,26086.17,26080,0.16041592,185.30594587,NULL,NULL
asks,26086.56,26080,0.04236257,185.30594587,NULL,NULL
asks,26087.94,26080,0.13149469,185.30594587,NULL,NULL
asks,26088,26080,0.0175417,185.30594587,NULL,NULL
asks,26090.39,26090,0.08471328,185.71085879,NULL,NULL
asks,26092.07,26090,0.00048474,185.71085879,NULL,NULL
asks,26095.12,26090,8.53605942,185.71085879,NULL,NULL
asks,26095.13,26090,23.975,185.71085879,NULL,NULL
asks,26099.47,26090,0.00120438,185.71085879,NULL,NULL
asks,26100,26100,27.60294859,245.9112692,NULL,NULL
asks,26100.48,26100,0.01612429,245.9112692,NULL,NULL
asks,26103.5,26100,0.05,245.9112692,NULL,NULL
asks,26104.77,26100,0.00227604,245.9112692,NULL,NULL
asks,26106.5,26100,0.00098727,245.9112692,NULL,NULL
asks,26106.91,26100,0.19376018,245.9112692,NULL,NULL
asks,26107.19,26100,0.72637378,245.9112692,NULL,NULL
asks,26107.64,26100,0.00166666,245.9112692,NULL,NULL
asks,26114.67,26110,1.04878386,246.90245742,NULL,NULL
asks,26115.79,26110,0.05,246.90245742,NULL,NULL
asks,26117.62,26110,0.03683531,246.90245742,NULL,NULL
asks,26120,26120,0.03310422,248.07118081,NULL,NULL
asks,26129.13,26120,0.15172621,248.07118081,NULL,NULL
asks,26134.56,26130,0.00025911,248.22290702,NULL,NULL
asks,26134.68,26130,0.15384848,248.22290702,NULL,NULL
asks,26137.9,26130,0.05,248.22290702,NULL,NULL
asks,26139,26130,1.95428571,248.22290702,NULL,NULL
asks,26143.55,26140,0.00137028,250.38130032,NULL,NULL
asks,26143.8,26140,0.00631963,250.38130032,NULL,NULL
asks,26145.5,26140,13.04996,250.38130032,NULL,NULL
asks,26145.75,26140,0.001,250.38130032,NULL,NULL
asks,26147.14,26140,0.00064888,250.38130032,NULL,NULL
asks,26148.1,26140,8.85928731,250.38130032,NULL,NULL
asks,26150,26150,11.26124824,283.56113466,NULL,NULL
asks,26157.66,26150,8.783E-05,283.56113466,NULL,NULL
asks,26163.82,26160,0.05,283.56122249,NULL,NULL
asks,26164.79,26160,45.29,283.56122249,NULL,NULL
asks,26165,26160,0.016268,283.56122249,NULL,NULL
asks,26166.83,26160,0.00166163,283.56122249,NULL,NULL
asks,26170.06,26170,0.18869416,328.91915212,NULL,NULL
asks,26172.72,26170,0.00382304,328.91915212,NULL,NULL
asks,26177.55,26170,5E-05,328.91915212,NULL,NULL
asks,26178.8,26170,0.00026272,328.91915212,NULL,NULL
asks,26180.54,26180,0.00226945,329.11198204,NULL,NULL
asks,26181.43,26180,0.00077544,329.11198204,NULL,NULL
asks,26181.82,26180,6E-05,329.11198204,NULL,NULL
asks,26182,26180,0.12500001,329.11198204,NULL,NULL
asks,26195.15,26190,0.00292749,329.24008694,NULL,NULL
asks,26199.56,26190,0.00195312,329.24008694,NULL,NULL
asks,26199.61,26190,0.00096193,329.24008694,NULL,NULL
asks,26200,26200,0.02589981,329.27182929,NULL,NULL
asks,26201.58,26200,0.00269029,329.27182929,NULL,NULL
asks,26202.06,26200,0.00207629,329.27182929,NULL,NULL
asks,26203.85,26200,8.113E-05,329.27182929,NULL,NULL
asks,26207.09,26200,0.00253574,329.27182929,NULL,NULL
asks,26207.7,26200,0.0367087,329.27182929,NULL,NULL
asks,26214.63,26210,0.00157078,329.31592144,NULL,NULL
asks,26214.69,26210,0.33431739,329.31592144,NULL,NULL
asks,26216.18,26210,10,329.31592144,NULL,NULL
asks,26220,26220,0.01304294,339.66485255,NULL,NULL
asks,26221.9,26220,0.00778,339.66485255,NULL,NULL
asks,26224.08,26220,0.00548582,339.66485255,NULL,NULL
asks,26231.11,26230,8.759E-05,339.67811837,NULL,NULL
asks,26231.32,26230,47.665,339.67811837,NULL,NULL
asks,26234.72,26230,0.00215241,339.67811837,NULL,NULL
asks,26236.74,26230,0.00098237,339.67811837,NULL,NULL
asks,26236.96,26230,0.00702676,339.67811837,NULL,NULL
asks,26243.55,26240,0.00119777,387.3533675,NULL,NULL
asks,26245,26240,0.0234,387.3533675,NULL,NULL
asks,26250,26250,0.61903865,387.99700392,NULL,NULL
asks,26250.93,26250,0.00361998,387.99700392,NULL,NULL
bids,25733.26,25730,NULL,NULL,0.03696234,362.26267472
bids,25733.29,25730,NULL,NULL,8.833E-05,362.22571238
bids,25735.08,25730,NULL,NULL,0.97085464,362.22562405
bids,25736.67,25730,NULL,NULL,3.854E-05,361.25476941
bids,25738.45,25730,NULL,NULL,0.00158186,361.25473087
bids,25738.66,25730,NULL,NULL,0.01068254,361.25314901
bids,25744.26,25740,NULL,NULL,0.00011559,361.24246647
bids,25744.95,25740,NULL,NULL,0.002,361.24235088
bids,25748.4,25740,NULL,NULL,13.04996,361.24035088
bids,25748.56,25740,NULL,NULL,0.00228265,348.19039088
bids,25750,25750,NULL,NULL,0.0687957,348.18810823
bids,25750.42,25750,NULL,NULL,0.00019415,348.11931253
bids,25751,25750,NULL,NULL,0.01541373,348.11911838
bids,25755,25750,NULL,NULL,0.51,348.10370465
bids,25756.88,25750,NULL,NULL,0.05958702,347.59370465
bids,25757.21,25750,NULL,NULL,0.01196926,347.53411763
bids,25760.78,25760,NULL,NULL,0.00386051,347.52214837
bids,25761.85,25760,NULL,NULL,0.00967537,347.51828786
bids,25765,25760,NULL,NULL,0.025,347.50861249
bids,25767.09,25760,NULL,NULL,0.03877107,347.48361249
bids,25769.72,25760,NULL,NULL,0.07761047,347.44484142
bids,25780,25780,NULL,NULL,0.00077114,347.36723095
bids,25781.05,25780,NULL,NULL,0.006,347.36645981
bids,25784,25780,NULL,NULL,0.1,347.36045981
bids,25785.35,25780,NULL,NULL,0.0015,347.26045981
bids,25785.87,25780,NULL,NULL,0.00578223,347.25895981
bids,25788.96,25780,NULL,NULL,47.597,347.25317758
bids,25790.55,25790,NULL,NULL,0.00194831,299.65617758
bids,25799,25790,NULL,NULL,0.01061617,299.65422927
bids,25800,25800,NULL,NULL,0.63950247,299.6436131
bids,25808.65,25800,NULL,NULL,0.0774934,299.00411063
bids,25809.43,25800,NULL,NULL,0.00141974,298.92661723
bids,25813.4,25810,NULL,NULL,13.04996,298.92519749
bids,25817.46,25810,NULL,NULL,0.04703406,285.87523749
bids,25818.08,25810,NULL,NULL,0.00127069,285.82820343
bids,25818.18,25810,NULL,NULL,6E-05,285.82693274
bids,25818.75,25810,NULL,NULL,0.02310104,285.82687274
bids,25821,25820,NULL,NULL,0.01347352,285.8037717
bids,25828,25820,NULL,NULL,44.934,285.79029818
bids,25837.11,25830,NULL,NULL,0.06283637,240.85629818
bids,25839.52,25830,NULL,NULL,0.00384682,240.79346181
bids,25845.71,25840,NULL,NULL,0.0745579,240.78961499
bids,25846.65,25840,NULL,NULL,0.05,240.71505709
bids,25850,25850,NULL,NULL,0.01953302,240.66505709
bids,25852.3,25850,NULL,NULL,13.04996,240.64552407
bids,25855.77,25850,NULL,NULL,0.01,227.59556407
bids,25857.3,25850,NULL,NULL,0.00461533,227.58556407
bids,25857.31,25850,NULL,NULL,0.00767161,227.58094874
bids,25860.09,25860,NULL,NULL,0.21589573,227.57327713
bids,25862.16,25860,NULL,NULL,0.0982373,227.3573814
bids,25865.39,25860,NULL,NULL,0.25365634,227.2591441
bids,25866.06,25860,NULL,NULL,1.15231614,227.00548776
bids,25869.58,25860,NULL,NULL,0.001,225.85317162
bids,25870,25870,NULL,NULL,0.08594409,225.85217162
bids,25870.58,25870,NULL,NULL,0.18861616,225.76622753
bids,25876.22,25870,NULL,NULL,0.00385749,225.57761137
bids,25876.29,25870,NULL,NULL,1.6E-05,225.57375388
bids,25878.14,25870,NULL,NULL,0.32079753,225.57373788
bids,25878.88,25870,NULL,NULL,0.00096216,225.25294035
bids,25880,25880,NULL,NULL,0.00038445,225.25197819
bids,25883,25880,NULL,NULL,0.00770425,225.25159374
bids,25884.93,25880,NULL,NULL,0.09917201,225.24388949
bids,25886,25880,NULL,NULL,0.00963956,225.14471748
bids,25886.71,25880,NULL,NULL,7.17,225.13507792
bids,25887.3,25880,NULL,NULL,0.06226838,217.96507792
bids,25887.86,25880,NULL,NULL,0.045,217.90280954
bids,25888.04,25880,NULL,NULL,0.04861277,217.85780954
bids,25889.4,25880,NULL,NULL,0.04816118,217.80919677
bids,25889.53,25880,NULL,NULL,0.04700635,217.76103559
bids,25890.89,25890,NULL,NULL,0.01919594,217.71402924
bids,25891.3,25890,NULL,NULL,21.67176,217.6948333
bids,25891.4,25890,NULL,NULL,0.04968713,196.0230733
bids,25895.46,25890,NULL,NULL,0.08749967,195.97338617
bids,25896.45,25890,NULL,NULL,0.0763595,195.8858865
bids,25899.05,25890,NULL,NULL,0.22170286,195.809527
bids,25899.38,25890,NULL,NULL,24.115,195.58782414
bids,25900,25900,NULL,NULL,0.0578203,171.47282414
bids,25901.03,25900,NULL,NULL,0.01918842,171.41500384
bids,25902.51,25900,NULL,NULL,0.00011361,171.39581542
bids,25906.26,25900,NULL,NULL,8.569E-05,171.39570181
bids,25906.45,25900,NULL,NULL,0.96026345,171.39561612
bids,25906.49,25900,NULL,NULL,0.2510441,170.43535267
bids,25906.69,25900,NULL,NULL,5.05660888,170.18430857
bids,25906.91,25900,NULL,NULL,0.01437571,165.12769969
bids,25907.68,25900,NULL,NULL,0.0382898,165.11332398
bids,25908.61,25900,NULL,NULL,0.10965475,165.07503418
bids,25909.93,25900,NULL,NULL,8.058,164.96537943
bids,25910.03,25910,NULL,NULL,0.001,156.90737943
bids,25915.04,25910,NULL,NULL,0.26625488,156.90637943
bids,25916.09,25910,NULL,NULL,0.00023697,156.64012455
bids,25916.31,25910,NULL,NULL,0.04772515,156.63988758
bids,25917.01,25910,NULL,NULL,0.00115755,156.59216243
bids,25919.76,25910,NULL,NULL,0.12598514,156.59100488
bids,25921.97,25920,NULL,NULL,1,156.46501974
bids,25925.74,25920,NULL,NULL,0.28026664,155.46501974
bids,25928.47,25920,NULL,NULL,21.69429963,155.1847531
bids,25929.32,25920,NULL,NULL,3.58,133.49045347
bids,25930.79,25930,NULL,NULL,0.18377682,129.91045347
bids,25935.07,25930,NULL,NULL,21.68877363,129.72667665
bids,25935.08,25930,NULL,NULL,8.79293625,108.03790302
bids,25937.06,25930,NULL,NULL,0.18225959,99.24496677
bids,25937.53,25930,NULL,NULL,0.06574392,99.06270718
bids,25937.99,25930,NULL,NULL,0.19226652,98.99696326
bids,25938.94,25930,NULL,NULL,0.76821076,98.80469674
bids,25939.04,25930,NULL,NULL,0.03848176,98.03648598
bids,25939.82,25930,NULL,NULL,0.0494583,97.99800422
bids,25940,25940,NULL,NULL,0.00383191,97.94854592
bids,25942.8,25940,NULL,NULL,0.00383343,97.94471401
bids,25943.5,25940,NULL,NULL,6.51332,97.94088058
bids,25944.2,25940,NULL,NULL,8.657,91.42756058
bids,25944.31,25940,NULL,NULL,0.03848543,82.77056058
bids,25944.38,25940,NULL,NULL,8.556E-05,82.73207515
bids,25944.83,25940,NULL,NULL,0.26580325,82.73198959
bids,25945.73,25940,NULL,NULL,0.00035514,82.46618634
bids,25946.17,25940,NULL,NULL,0.742,82.4658312
bids,25946.57,25940,NULL,NULL,0.09608017,81.7238312
bids,25946.65,25940,NULL,NULL,0.0640448,81.62775103
bids,25946.73,25940,NULL,NULL,0.00115023,81.56370623
bids,25946.84,25940,NULL,NULL,0.03848175,81.562556
bids,25947.01,25940,NULL,NULL,0.03832838,81.52407425
bids,25947.14,25940,NULL,NULL,0.001,81.48574587
bids,25948.78,25940,NULL,NULL,0.10755831,81.48474587
bids,25948.79,25940,NULL,NULL,0.00545672,81.37718756
bids,25950,25950,NULL,NULL,0.16959115,81.37173084
bids,25952.28,25950,NULL,NULL,0.08300787,81.20213969
bids,25952.93,25950,NULL,NULL,0.21222679,81.11913182
bids,25953,25950,NULL,NULL,8.657,80.90690503
bids,25953.19,25950,NULL,NULL,0.11271525,72.24990503
bids,25953.33,25950,NULL,NULL,3.803E-05,72.13718978
bids,25953.38,25950,NULL,NULL,0.11922313,72.13715175
bids,25954.19,25950,NULL,NULL,14.44852889,72.01792862
bids,25954.64,25950,NULL,NULL,0.03848174,57.56939973
bids,25955.09,25950,NULL,NULL,1.19,57.53091799
bids,25955.23,25950,NULL,NULL,0.09134914,56.34091799
bids,25955.48,25950,NULL,NULL,0.74,56.24956885
bids,25955.82,25950,NULL,NULL,0.6,55.50956885
bids,25956.13,25950,NULL,NULL,0.6,54.90956885
bids,25956.2,25950,NULL,NULL,0.05,54.30956885
bids,25956.52,25950,NULL,NULL,0.38410538,54.25956885
bids,25956.68,25950,NULL,NULL,0.10877873,53.87546347
bids,25957.21,25950,NULL,NULL,0.0420033,53.76668474
bids,25957.23,25950,NULL,NULL,0.00038293,53.72468144
bids,25957.4,25950,NULL,NULL,0.741,53.72429851
bids,25957.99,25950,NULL,NULL,0.09608017,52.98329851
bids,25958.32,25950,NULL,NULL,0.05881419,52.88721834
bids,25958.74,25950,NULL,NULL,0.06,52.82840415
bids,25958.81,25950,NULL,NULL,0.001,52.76840415
bids,25959.01,25950,NULL,NULL,0.04220499,52.76740415
bids,25959.52,25950,NULL,NULL,1.93117726,52.72519916
bids,25960.03,25960,NULL,NULL,0.06,50.7940219
bids,25960.1,25960,NULL,NULL,4.38636,50.7340219
bids,25960.62,25960,NULL,NULL,0.02008871,46.3476619
bids,25960.69,25960,NULL,NULL,0.06,46.32757319
bids,25961.03,25960,NULL,NULL,0.02348594,46.26757319
bids,25961.42,25960,NULL,NULL,0.06,46.24408725
bids,25962.32,25960,NULL,NULL,0.02,46.18408725
bids,25962.35,25960,NULL,NULL,0.04,46.16408725
bids,25962.44,25960,NULL,NULL,0.03848173,46.12408725
bids,25962.49,25960,NULL,NULL,0.08025948,46.08560552
bids,25963.21,25960,NULL,NULL,0.06,46.00534604
bids,25963.7,25960,NULL,NULL,0.09608017,45.94534604
bids,25963.99,25960,NULL,NULL,0.05764814,45.84926587
bids,25964.33,25960,NULL,NULL,0.06,45.79161773
bids,25964.98,25960,NULL,NULL,0.06,45.73161773
bids,25965.27,25960,NULL,NULL,1.588,45.67161773
bids,25965.87,25960,NULL,NULL,0.3072843,44.08361773
bids,25965.89,25960,NULL,NULL,0.06,43.77633343
bids,25965.9,25960,NULL,NULL,0.00663984,43.71633343
bids,25966.4,25960,NULL,NULL,0.6,43.70969359
bids,25966.78,25960,NULL,NULL,0.06,43.10969359
bids,25967.18,25960,NULL,NULL,0.04013113,43.04969359
bids,25967.43,25960,NULL,NULL,0.06,43.00956246
bids,25967.57,25960,NULL,NULL,0.38484967,42.94956246
bids,25968.08,25960,NULL,NULL,0.06,42.56471279
bids,25968.09,25960,NULL,NULL,0.22488647,42.50471279
bids,25968.49,25960,NULL,NULL,0.0393626,42.27982632
bids,25968.5,25960,NULL,NULL,5.386E-05,42.24046372
bids,25968.95,25960,NULL,NULL,0.06,42.24040986
bids,25969,25960,NULL,NULL,7.22014651,42.18040986
bids,25969.06,25960,NULL,NULL,0.00115523,34.96026335
bids,25969.38,25960,NULL,NULL,0.001,34.95910812
bids,25969.41,25960,NULL,NULL,0.09608017,34.95810812
bids,25969.42,25960,NULL,NULL,1.62452918,34.86202795
bids,25969.75,25960,NULL,NULL,0.08025715,33.23749877
bids,25970.19,25970,NULL,NULL,0.06,33.15724162
bids,25970.24,25970,NULL,NULL,0.03848172,33.09724162
bids,25970.53,25970,NULL,NULL,4.33183225,33.0587599
bids,25970.54,25970,NULL,NULL,2.59909938,28.72692765
bids,25970.57,25970,NULL,NULL,0.08029622,26.12782827
bids,25970.61,25970,NULL,NULL,0.00384973,26.04753205
bids,25970.76,25970,NULL,NULL,0.02392686,26.04368232
bids,25971.49,25970,NULL,NULL,0.06,26.01975546
bids,25971.75,25970,NULL,NULL,0.14892427,25.95975546
bids,25972.14,25970,NULL,NULL,0.06,25.81083119
bids,25972.32,25970,NULL,NULL,0.15364215,25.75083119
bids,25972.64,25970,NULL,NULL,0.5956971,25.59718904
bids,25972.65,25970,NULL,NULL,0.3574183,25.00149194
bids,25972.79,25970,NULL,NULL,0.06,24.64407364
bids,25973.32,25970,NULL,NULL,1.497,24.58407364
bids,25973.45,25970,NULL,NULL,0.14858384,23.08707364
bids,25973.62,25970,NULL,NULL,1,22.9384898
bids,25973.84,25970,NULL,NULL,8.547E-05,21.9384898
bids,25974,25970,NULL,NULL,2.16392,21.93840433
bids,25974.02,25970,NULL,NULL,0.06,19.77448433
bids,25974.08,25970,NULL,NULL,0.07682108,19.71448433
bids,25974.16,25970,NULL,NULL,0.08404477,19.63766325
bids,25974.17,25970,NULL,NULL,1.29835204,19.55361848
bids,25974.55,25970,NULL,NULL,0.03841054,18.25526644
bids,25974.58,25970,NULL,NULL,0.0310294,18.2168559
bids,25974.87,25970,NULL,NULL,0.38468367,18.1858265
bids,25974.92,25970,NULL,NULL,0.06,17.80114283
bids,25975.54,25970,NULL,NULL,0.1157,17.74114283
bids,25975.64,25970,NULL,NULL,0.06,17.62544283
bids,25975.84,25970,NULL,NULL,0.05854352,17.56544283
bids,25976.11,25970,NULL,NULL,0.14000292,17.50689931
bids,25976.12,25970,NULL,NULL,0.08400177,17.36689639
bids,25976.75,25970,NULL,NULL,0.06,17.28289462
bids,25977.1,25970,NULL,NULL,0.06025858,17.22289462
bids,25977.48,25970,NULL,NULL,0.03074565,17.16263604
bids,25977.59,25970,NULL,NULL,0.00769894,17.13189039
bids,25977.66,25970,NULL,NULL,2.88709564,17.12419145
bids,25977.7,25970,NULL,NULL,0.5956971,14.23709581
bids,25977.71,25970,NULL,NULL,1.73225741,13.64139871
bids,25978,25970,NULL,NULL,0.06,11.9091413
bids,25978.04,25970,NULL,NULL,0.03848171,11.8491413
bids,25978.17,25970,NULL,NULL,0.01127,11.81065959
bids,25978.5,25970,NULL,NULL,0.1423,11.79938959
bids,25978.51,25970,NULL,NULL,0.9241598,11.65708959
bids,25978.52,25970,NULL,NULL,0.5544959,10.73292979
bids,25979,25970,NULL,NULL,0.06,10.17843389
bids,25979.82,25970,NULL,NULL,0.06,10.11843389
bids,25980,25980,NULL,NULL,0.25309684,10.05843389
bids,25980.01,25980,NULL,NULL,0.15185817,9.80533705
bids,25980.67,25980,NULL,NULL,0.06,9.65347888
bids,25980.69,25980,NULL,NULL,0.00933084,9.59347888
bids,25980.7,25980,NULL,NULL,0.45279141,9.58414804
bids,25980.71,25980,NULL,NULL,0.2716749,9.13135663
bids,25980.74,25980,NULL,NULL,0.00592956,8.85968173
bids,25980.79,25980,NULL,NULL,0.00010922,8.85375217
bids,25981.43,25980,NULL,NULL,0.1302,8.85364295
bids,25981.6,25980,NULL,NULL,0.39760239,8.72344295
bids,25981.96,25980,NULL,NULL,0.06,8.32584056
bids,25982.15,25980,NULL,NULL,0.2,8.26584056
bids,25982.17,25980,NULL,NULL,1.44329723,8.06584056
bids,25982.18,25980,NULL,NULL,0.86597834,6.62254333
bids,25982.77,25980,NULL,NULL,0.5956971,5.75656499
bids,25982.95,25980,NULL,NULL,0.06,5.16086789
bids,25983.04,25980,NULL,NULL,0.0563748,5.10086789
bids,25983.37,25980,NULL,NULL,0.35310589,5.04449309
bids,25983.8,25980,NULL,NULL,0.06,4.6913872
bids,25983.82,25980,NULL,NULL,0.21185997,4.6313872
bids,25984.28,25980,NULL,NULL,0.00076507,4.41952723
bids,25984.82,25980,NULL,NULL,0.06,4.41876216
bids,25985.12,25980,NULL,NULL,0.03102641,4.35876216
bids,25985.54,25980,NULL,NULL,0.06,4.32773575
bids,25985.55,25980,NULL,NULL,0.31303868,4.26773575
bids,25986.04,25980,NULL,NULL,0.31392486,3.95469707
bids,25986.05,25980,NULL,NULL,0.25432515,3.64077221
bids,25986.32,25980,NULL,NULL,0.06,3.38644706
bids,25986.61,25980,NULL,NULL,0.28861009,3.32644706
bids,25986.79,25980,NULL,NULL,0.28860812,3.03783697
bids,25987.01,25980,NULL,NULL,0.04818767,2.74922885
bids,25987.02,25980,NULL,NULL,0.06,2.70104118
bids,25987.09,25980,NULL,NULL,0.0074923,2.64104118
bids,25988.02,25980,NULL,NULL,0.3485945,2.63354888
bids,25988.03,25980,NULL,NULL,0.17315675,2.28495438
bids,25988.3,25980,NULL,NULL,0.058,2.11179763
bids,25988.77,25980,NULL,NULL,0.14429306,2.05379763
bids,25989.19,25980,NULL,NULL,0.07214536,1.90950457
bids,25989.2,25980,NULL,NULL,0.08657584,1.83735921
bids,25989.6,25980,NULL,NULL,0.058,1.75078337
bids,25989.87,25980,NULL,NULL,0.04328608,1.69278337
bids,25989.96,25980,NULL,NULL,0.14051928,1.64949729
bids,25989.97,25980,NULL,NULL,0.08431156,1.50897801
bids,25990.33,25990,NULL,NULL,0.00576,1.42466645
bids,25990.36,25990,NULL,NULL,0.00576,1.41890645
bids,25990.37,25990,NULL,NULL,0.00576,1.41314645
bids,25990.51,25990,NULL,NULL,0.00576,1.40738645
bids,25990.55,25990,NULL,NULL,0.00576,1.40162645
bids,25990.71,25990,NULL,NULL,0.10840467,1.39586645
bids,25990.81,25990,NULL,NULL,0.00576,1.28746178
bids,25990.9,25990,NULL,NULL,0.058,1.28170178
bids,25990.92,25990,NULL,NULL,0.00576,1.22370178
bids,25991.29,25990,NULL,NULL,0.00576,1.21794178
bids,25991.69,25990,NULL,NULL,0.058,1.21218178
bids,25991.7,25990,NULL,NULL,0.04171209,1.15418178
bids,25992.31,25990,NULL,NULL,1.11246969,1.11246969
